<?xml version="1.0" encoding="UTF-8"?>
<project-private xmlns="http://www.netbeans.org/ns/project-private/1">
    <editor-bookmarks xmlns="http://www.netbeans.org/ns/editor-bookmarks/2" lastBookmarkId="0"/>
    <open-files xmlns="http://www.netbeans.org/ns/projectui-open-files/2">
        <group>
            <file>file:/C:/Users/PCLAB1-46/Documents/NetBeansProjects/Hafta3/src/hafta3/Hafta3.java</file>
            <file>file:/C:/Users/PCLAB1-46/Documents/NetBeansProjects/Hafta3/src/D1_PositifNegatif.java</file>
            <file>file:/C:/Users/PCLAB1-46/Documents/NetBeansProjects/Hafta3/src/TestBooleanOperators.java</file>
        </group>
    </open-files>
</project-private>
