<?xml version="1.0" encoding="UTF-8"?>
<project-private xmlns="http://www.netbeans.org/ns/project-private/1">
    <editor-bookmarks xmlns="http://www.netbeans.org/ns/editor-bookmarks/2" lastBookmarkId="0"/>
    <open-files xmlns="http://www.netbeans.org/ns/projectui-open-files/2">
        <group>
            <file>file:/C:/Users/PCLAB1-46/Documents/NetBeansProjects/ACM_19_03_20_Ders1/src/acm_19_03/ACM_19_04_03_Ders1/mainClass.java</file>
            <file>file:/C:/Users/PCLAB1-46/Documents/NetBeansProjects/ACM_19_03_20_Ders1/src/acm_19_03/ACM_19_04_03_Ders1/OrnekConstructor.java</file>
            <file>file:/C:/Users/PCLAB1-46/Documents/NetBeansProjects/ACM_19_03_20_Ders1/src/acm_19_03/ACM_19_04_03_Ders1/CemberCagirdimizYer.java</file>
            <file>file:/C:/Users/PCLAB1-46/Documents/NetBeansProjects/ACM_19_03_20_Ders1/src/acm_19_03/ACM_19_04_03_Ders1/Cember.java</file>
        </group>
    </open-files>
</project-private>
